image,caption
112178718_87270d9b4d.jpg,a man in a white shirt and blue shorts is holding a skateboard in the sand
103106960_e8a41d64f8.jpg,a boy in a red jacket is playing hockey
1311388430_4ab0cd1a1f.jpg,there is a pole in the middle of the picture
128912885_8350d277a4.jpg,a white dog is jumping to catch a red toy in his mouth
1271210445_7f7ecf3791.jpg,a group of children are gathered around a birthday cake
1153704539_542f7aa3a5.jpg,a girl in a blue shirt is holding a white drum while another girl in a blue shirt is wearing a black and white outfit
111537222_07e56d5a30.jpg,a man wearing a helmet is climbing a rock face
1509786421_f03158adfc.jpg,a boy in a white shirt is pointing at the camera while another boy in a blue shirt is wearing a white shirt
109738763_90541ef30d.jpg,a person on a snowmobile is jumping in the air over the snow
1424237335_b3be9920ba.jpg,two little girls are playing on a monkey bars at a park
1042020065_fb3d3ba5ba.jpg,a boy in a green shirt is standing next to a white pole and is looking at a group of people in kayaks
1034276567_49bb87c51c.jpg,a boy in a black and red jacket is eating some food
1104133405_c04a00707f.jpg,a little boy in a white shirt is running in the grass
1262583859_653f1469a9.jpg,a man in a green vest rides a bicycle down a city street
1282392036_5a0328eb86.jpg,a woman in a red dress is sitting next to a woman in a brown dress in front of a tent full of people
1472053993_bed67a3ba7.jpg,a person is skiing down a snow covered mountain
103205630_682ca7285b.jpg,a brown dog stands next to a blue tent in the snow
1245022983_fb329886dd.jpg,a girl in a striped shirt and pink skirt is standing in the grass
1420060118_aed262d606.jpg,a boy in a red jumpsuit is jumping in the air
1263801010_5c74bf1715.jpg,a person in a red jacket is standing in the snow
143552829_72b6ba49d4.jpg,a man in a red jacket is riding a dirtbikekekekekekekekekekekekekekekekekekeke
1312954382_cf6d70d63a.jpg,a little girl in a green dress is walking down the street with a white and pink balloon attached to her head
1009434119_febe49276a.jpg,a black and white dog is running in the grass
1184967930_9e29ce380d.jpg,a brown dog stands in the middle of a field of purple flowers
1517340899_ee1c74a8f6.jpg,a girl in a pink shirt is jumping in the air in a grassy field
1363843090_9425d93064.jpg,a black dog splashes in the water on a sunny day
1505686764_9e3bcd854a.jpg,a man in red trunks is standing next to a stream in the woods
1177994172_10d143cb8d.jpg,two young boys play with a sprinkler in the dark street
1260816604_570fc35836.jpg,a woman drives a red car on a city street
1358892595_7a37c45788.jpg,a white dog with a red collar is running in the grass
152029243_b3582c36fa.jpg,a man in a red jacket is riding a dirtbikekekekekekekekekekekekekekekekekekeke
1100214449_d10861e633.jpg,a boy jumps over a fountain in front of a building
1397923690_d3bf1f799e.jpg,a man wearing skis is going up a hill
1107471216_4336c9b328.jpg,a girl with blonde hair is holding a gun
138705546_be7a6845dd.jpg,two girls sit at the edge of a river and look at the water
136644343_0e2b423829.jpg,a little boy is playing on a tire swing at a park
1303727066_23d0f6ed43.jpg,a man with a peace sign on his shirt is standing in front of a crowd
1056873310_49c665eb22.jpg,a brown dog is running on the beach next to the water
1443807993_aebfb2784a.jpg,a girl slides down an inflatable slide while wearing a white bathingsuit
1132772170_600610c5df.jpg,two men are playing video games in a hotel room
1397295388_8a5b6b525d.jpg,a crowd of people are standing in an airport
1094462889_f9966dafa6.jpg,a dog stands in the snow in front of a house
1332492622_8c66992b62.jpg,there is a man standing on the balcony of a colorfully painted building
1387461595_2fe6925f73.jpg,two men stand next to a sign in a city street
123889082_d3751e0350.jpg,two dogs running in the grass
108899015_bf36131a57.jpg,a person is skiing down a snow covered hill
1057210460_09c6f4c6c1.jpg,a woman in a black jumpsuit is standing in front of a door
127490019_7c5c08cb11.jpg,a woman in a blue shirt is playing golf on a sunny day
1329832826_432538d331.jpg,people cross the street in front of a grocery
1095476286_87d4f8664e.jpg,a little boy playing in a water fountain
1511807116_41c3645e8c.jpg,two dogs are playing together in the grass
111537217_082a4ba060.jpg,a man wearing a white shirt and brown pants is climbing a rock face
1490213660_9ea45550cf.jpg,a dog is walking in the water
1500853305_0150615ce9.jpg,a girl in a red shirt and blue shorts is standing on a wooden bridge in the woods
143688205_630813a466.jpg,a person is climbing up a rock while wearing a black shirt and shorts
1388373425_3c72b56639.jpg,a woman in a black shirt is talking on a cellphone next to a brown dog
1189977786_4f5aaed773.jpg,a dog jumps into a swimming pool to catch a frisbee
1392272228_cf104086e6.jpg,a black dog splashes in the water at the beach
1383840121_c092110917.jpg,a brown dog is laying down on a bed
125319704_49ead3463c.jpg,two mountain bikers cross a river in the woods
1304961697_76b86b0c18.jpg,two people are watercrafting in the ocean
1089755335_0bfbfd30e6.jpg,a group of people fishing off a pier at night
1211015912_9f3ee3a995.jpg,a girl in a dress is standing in front of a group of children
1523800748_a59e980eee.jpg,two children are playing on the beach
1191338263_a4fa073154.jpg,a girl sits on a bench in front of a picture of a plane
1280147517_98767ca3b3.jpg,a man is being pulled on a watercraft behind a boat
1236964638_1808784a3c.jpg,a boy jumps into a swimming pool while another boy jumps into the water
1148238960_f8cacec2fc.jpg,a group of people ride their bikes down a city street
1466479163_439db855af.jpg,a dog is running in the grass
1446053356_a924b4893f.jpg,two girls are playing soccer in a grassy field
1351315701_6580b51c41.jpg,a white dog chases a black dog at a dog show
148512773_bae6901fd6.jpg,a man and a woman are sitting at the edge of a river
1313693129_71d0b21c63.jpg,two children are standing near the water and looking at each other
1119463452_69d4eecd08.jpg,a girl smiles in a swimming pool
136552115_6dc3e7231c.jpg,a person is doing a trick on a mountain bike
1472249944_d887c3aeda.jpg,a woman in a red jacket is standing next to a woman in a brown jacket and blue jeans
1423997242_ea2189ec5e.jpg,a man in a black jacket is sitting in the middle of a grassy field
1400424834_1c76e700c4.jpg,a girl wearing a black and white striped shirt is standing in front of a metal fence
1402843760_d30f1dbf0f.jpg,a small white dog is playing with a stick in the grass
1032122270_ea6f0beedb.jpg,a woman in a purple shirt is standing next to a black and white dog in a grassy field
1124448967_2221af8dc5.jpg,a man is sleeping in a chair next to a bicycle
1417637704_572b4d6557.jpg,two little girls are sitting in the back of a car looking at something
1022454332_6af2c1449a.jpg,a boy in a black shirt is standing next to a body of water with a city in the background
1413956047_c826f90c8b.jpg,three young men stand at the top of a mountain
118187095_d422383c81.jpg,a little boy rides a red toy car while another little girl rides a red toy car
1248357227_2b4175fc39.jpg,a man and a woman are fishing in the water
1144288288_e5c9558b6a.jpg,a woman in a white shirt is walking down the street
1042590306_95dea0916c.jpg,a man and woman are sitting next to each other on a bench
1117972841_2b9261f95f.jpg,a brown dog is playing in the sand
1439046601_cf110a75a7.jpg,a boy with no shirt is standing in a swimming pool
1454841725_4b6e6199e2.jpg,a group of girls are posing for a picture
1319634306_816f21677f.jpg,a brown dog is sitting in the grass
1430154945_71bbaa094a.jpg,a man and woman sit at a table with a little boy in front of them
1488937076_5baa73fc2a.jpg,three dogs running in the yard
1460500597_866fa0c6f3.jpg,a man sits at a table in a restaurant
1457762320_7fe121b285.jpg,a group of people are standing next to their bikes
1355833561_9c43073eda.jpg,a man in a red jacket is holding a little boy up in the air at the beach
1295671216_cde1b9c9d1.jpg,a group of people are standing next to each other at a food stand
1244485675_822e6efe60.jpg,a young boy stands next to a picture of a boy in a red vest
1433088025_bce2cb69f8.jpg,two men in yellow trunks are standing next to each other in front of a crowd
1439282131_3814d6ae04.jpg,two dogs are playing in the water
135235570_5698072cd4.jpg,a man is throwing a frisbee in front of the washington monument
1277185009_06478dd457.jpg,a man is standing on top of a mountain
1470061031_4cb59c12a8.jpg,two dogs play with each other at the same time
1143373711_2e90b7b799.jpg,a man rides a bicycle on a city street
1478294229_7e1c822fea.jpg,a man wearing a white socks is riding a black bicycle
1131932671_c8d17751b3.jpg,the little boy is jumping over the bed
1394396709_65040d97ab.jpg,a dog splashes in the water with a toy in his mouth
1316247213_1d2c726dd5.jpg,a girl wearing a purple shirt and black shorts smiles as she stands in the grass
1306145560_1e37081b91.jpg,a black dog swims in the water with a toy in his mouth
1142847777_2a0c1c2551.jpg,a man rides a bicycle in a city street
1394599090_fe0ba238f0.jpg,a man and a little boy play in a swimming pool
1332208215_fa824f6659.jpg,a man and a woman are sitting on a train together
1259936608_e3f0064f23.jpg,a girl in a pink shirt is playing in the water at a park
150582765_bad8dec237.jpg,a woman wearing a pink sweater is taking a picture of a woman wearing a pink sweater and holding a black camera
133189853_811de6ab2a.jpg,two men are hugging each other at a party
1247181182_35cabd76f3.jpg,a person is sitting on the top of a mountain
1229756013_94663527d7.jpg,a brown dog jumps up to catch a toy in the air
146577645_91b570c0d0.jpg,a man kayaking in rough water
108898978_7713be88fc.jpg,two people cross country skis in the snow
1298295313_db1f4c6522.jpg,a boy jumping off a dock into the water
1290894194_8a4ffdc7eb.jpg,a woman in a red and white striped bathingsuit sits next to a little girl in a red and white striped bathingsuit with a small dog
1478268555_7e301fc510.jpg,a man is climbing a rock face
1396703063_e8c3687afe.jpg,a man and a woman are walking down the street
1030985833_b0902ea560.jpg,two dogs are playing with each other in the yard
1427391496_ea512cbe7f.jpg,a little boy stands on a dock next to a swimming pool
107582366_d86f2d3347.jpg,a group of people sit at a table in the dark
1093716555_801aacef79.jpg,a group of people are sitting on the ground in front of a mountain range
1348891916_ebd4413033.jpg,a brown dog splashes in the water
1475046848_831245fc64.jpg,a woman in a black tank top is walking on the beach
140526327_3cb984de09.jpg,a man wearing a red helmet is climbing a rock near a body of water
1501297480_8db52c15b0.jpg,two little boys are playing outside in the backyard
1253275679_e955fb7304.jpg,a boy in a black shirt is holding a cellphone
1334892555_1beff092c3.jpg,a girl in a blue shirt is swinging a bat while another girl in a blue shirt is wearing a helmet and holding a red and blue bat
1516714577_7d1c35a8d8.jpg,a little girl in a white shirt is standing in front of a brick wall and is wearing a red skirt and a white shirt
123997871_6a9ca987b1.jpg,the girls are playing a game of field hockey
1237985362_dbafc59280.jpg,a little girl in a denim dress is playing with bubbles while another little girl in a denim dress is standing next to her
1428578577_82864facae.jpg,a person stands at the top of a snow covered mountain
12830823_87d2654e31.jpg,a group of people are standing near a swimming pool
1482960952_95f2d419cb.jpg,"three older women stand in a parking lot, one is wearing a green coat and the other is wearing a black and white striped dress"
113678030_87a6a6e42e.jpg,"three people are sitting in the snow, one is wearing a helmet and the other is wearing an orange pants"
1312227131_771b5ed201.jpg,a dog is walking in the snow towards the camera as the sun is setting
1007320043_627395c3d8.jpg,a little girl in a pink and orange outfit is climbing a red rope wall at a playground
1428681303_04213524e3.jpg,a group of children play near a statue in a city
1387443857_602ab6f9bf.jpg,a man in a blue shirt is sitting next to a man in a blue shirt
1075881101_d55c46bece.jpg,a woman in a white shirt is covered with white powder as she sits in an inflatable floatrinkler
1363924449_487f0733df.jpg,a little boy in a striped shirt and denim shorts is walking in the grass
1305564994_00513f9a5b.jpg,two people are riding a motorcycle on a road
1394927474_0afdd82fc4.jpg,a man stands in front of a door in a city
1143882946_1898d2eeb9.jpg,a woman wearing a helmet rides a bicycle in a city street
